idx,name_roi,min_angle_mil,inter_angle_mil,main_angle_mil,min eigenvalues_mil,inter eigenvalues_mil,main_eigenvalues_mil,main_angle_gst,inter_angle_gst,min_angle_gst,main_eigenvalues_gst,inter eigenvalues_gst,min eigenvalues_gst
241,Segmentation-grayscale-1_119-65739,77.86447164,88.75540645,12.20112241,0.002299059,0.003948355,0.004315913,73.55518455,88.49230678,16.51771218,862622.3125,800254.875,560304.375
253,Segmentation-grayscale-10_119-65739,77.31376419,88.09841011,12.83267836,0.002263228,0.003972421,0.004306143,73.06455308,88.16933038,17.04007136,861378.8125,805815.125,553398.5625
128,Segmentation-grayscale-2_119-65739,78.39364325,84.04016364,13.08522011,0.002240496,0.003797115,0.003900244,73.53335411,85.10431394,17.21905028,811321.5,788890.5,554910.25
122,Segmentation-grayscale-3_119-65739,80.28522057,83.38760977,11.78793745,0.002505581,0.004071441,0.004156962,74.66098147,86.06716883,15.85934465,834783.75,815166.25,587542.75
118,Segmentation-grayscale-4_119-65739,76.63215411,86.48142359,13.83985183,0.002499416,0.004135912,0.00461516,74.66098147,86.79525848,17.54657529,894876.8125,821110.875,582945.3125
27,Segmentation-grayscale-5_119-65739,83.23081115,83.24744566,9.583778246,0.00244819,0.003663215,0.003809243,74.66098147,84.37674793,12.85685382,796423.625,762239.875,590925.3125
294,Segmentation-grayscale-6_119-65739,79.2553848,84.83093066,11.95012112,0.002077099,0.003413903,0.003527171,74.66098147,86.86261462,16.30169977,772292.375,744775.5,536870.875
111,Segmentation-grayscale-7_119-65739,76.99364446,86.00202114,13.62765792,0.002635434,0.004198749,0.004630225,74.66098147,85.71748836,17.5238711,891007.25,827493.125,603020.375
599,Segmentation-grayscale-8_119-65739,79.90584102,84.37961195,11.58218919,0.002272818,0.003883025,0.003950417,74.66098147,86.82663758,16.08926284,816232.75,793446.1875,563197.5625
21,Segmentation-grayscale-9_119-65739,79.35930392,80.15130256,14.5780851,0.002132907,0.003066412,0.003350575,74.66098147,79.88677306,17.63608064,741856.75,703274.75,548383
304,Segmentation-grayscale-1_119-65739_2,88.4329667,88.70294705,2.034399031,0.002901988,0.003700856,0.003821648,74.66098147,88.88378983,3.309259766,785969.0625,756446.9375,646224.3125
651,Segmentation-grayscale-10_119-65739_2,86.71904741,85.67548604,5.432046173,0.003014891,0.004253911,0.00434367,74.66098147,84.01104241,7.66344501,832414.5625,819848.625,657166.0625
580,Segmentation-grayscale-2_119-65739_2,89.72406229,89.71276766,0.398303043,0.002830879,0.00362502,0.003762544,74.66098147,89.48582918,1.310001946,785202.25,746094.0625,635049.9375
420,Segmentation-grayscale-3_119-65739_2,86.89768266,87.35481879,4.078610647,0.003266758,0.004438707,0.004479072,74.66098147,87.0093403,5.17100592,853137.4375,834941.75,688795.8125
133,Segmentation-grayscale-4_119-65739_2,84.59969598,87.53006423,5.941395356,0.003144992,0.004143781,0.004178583,74.66098147,86.34421699,7.418968755,815828.9375,807088.125,676750.4375
305,Segmentation-grayscale-5_119-65739_2,85.5925295,86.90361101,5.389935136,0.003064441,0.003953085,0.00403589,74.66098147,87.46379495,6.234355451,804984.125,785361.125,667558.75
32,Segmentation-grayscale-6_119-65739_2,89.85102066,89.07860078,0.933367685,0.002768159,0.003562381,0.003746148,74.66098147,89.64428891,0.743094818,784650.9375,741655.9375,629831.875
537,Segmentation-grayscale-7_119-65739_2,88.61391376,85.00499914,5.184692905,0.003198145,0.004482184,0.004606268,74.66098147,83.66235936,6.911456763,859434.625,848285.125,681308.75
562,Segmentation-grayscale-8_119-65739_2,88.6024965,89.01015213,1.712659787,0.002684464,0.003329896,0.003468764,74.66098147,88.32353269,3.023361722,751006.5625,715410.375,627849.625
328,Segmentation-grayscale-9_119-65739_2,89.6461314,85.01033218,5.002263818,0.003280581,0.004462681,0.004469991,74.66098147,87.57658826,6.772249133,846953.875,842140.25,687758.625
492,Segmentation-grayscale-1_1216-67960-L45,80.82159226,67.48953366,24.50368112,0.000789141,0.00162459,0.002023907,74.66098147,67.85273227,29.26040509,595328.75,535577.4375,311707.0625
102,Segmentation-grayscale-10_1216-67960-L45,81.31280682,67.61839947,24.18195663,0.000927973,0.001673213,0.002146982,74.66098147,67.46127072,28.71421724,609026.25,536703.4375,346004.3438
105,Segmentation-grayscale-2_1216-67960-L45,84.17862526,62.23055506,28.47838458,0.000766332,0.00137691,0.001906934,74.66098147,59.50991719,32.51053335,565090.4375,496135.875,312576.6875
279,Segmentation-grayscale-3_1216-67960-L45,80.43657721,67.73435241,24.4390589,0.000841013,0.001696209,0.002037978,74.66098147,69.73331035,28.89388318,596812.125,545466.375,323908.25
171,Segmentation-grayscale-4_1216-67960-L45,73.64371507,68.77425446,27.30140147,0.000590333,0.001358608,0.001639347,74.66098147,75.22468981,31.62503079,556360.25,481146.6563,259224.875
473,Segmentation-grayscale-5_1216-67960-L45,78.99105648,68.49652415,24.41338614,0.00090087,0.001764766,0.002074457,74.66098147,71.50289332,28.97905594,604367.25,548684.875,336172.9063
12,Segmentation-grayscale-6_1216-67960-L45,78.69695407,69.05468563,24.05932982,0.000940233,0.001764387,0.002033785,74.66098147,72.67587465,28.24422951,593256,544769.75,345141.75
508,Segmentation-grayscale-7_1216-67960-L45,82.13752468,66.06699654,25.34779158,0.000862561,0.001463781,0.001812587,74.66098147,66.1296534,30.31638878,555959.6875,501241.1875,332335.3438
164,Segmentation-grayscale-8_1216-67960-L45,65.57965443,81.71991504,25.96310319,0.000589744,0.001536081,0.001797916,74.66098147,84.19745751,30.47493647,601922.375,500303.125,257342.9531
409,Segmentation-grayscale-9_1216-67960-L45,68.19810512,75.78223452,26.44023935,0.000781721,0.001775668,0.002012233,74.66098147,81.89561877,30.84170408,623910.625,542713.625,302736.25
30,Segmentation-grayscale-1_1216-67960-L45_2,65.09776077,73.05720982,30.80239684,0.000755355,0.001519492,0.00159259,74.66098147,83.20782802,34.47865661,549824.9375,499163.5625,303257.2188
454,Segmentation-grayscale-10_1216-67960-L45_2,69.77135226,69.69842286,29.32967201,0.000796423,0.001900667,0.002063979,74.66098147,77.85369931,33.35816872,634971,565214.125,302959.625
81,Segmentation-grayscale-2_1216-67960-L45_2,79.54486866,62.20690934,30.02293385,0.000702789,0.001758655,0.001894434,74.66098147,74.82048916,33.73050461,601830,551638.125,283864.875
504,Segmentation-grayscale-3_1216-67960-L45_2,64.94823347,74.61895446,29.97681166,0.000809169,0.001703745,0.001848053,74.66098147,81.18642001,33.87593745,597688.125,529582.6875,308219.6563
19,Segmentation-grayscale-4_1216-67960-L45_2,67.3696143,73.10963675,28.82625545,0.000788355,0.001800033,0.002018623,74.66098147,77.69769851,33.02562721,626860,545305.125,299061.625
461,Segmentation-grayscale-5_1216-67960-L45_2,74.59115952,65.73301954,29.30106674,0.000708843,0.001434502,0.001512068,74.66098147,79.07640767,33.54442204,533074.375,489042.375,294317.75
156,Segmentation-grayscale-6_1216-67960-L45_2,66.26170518,71.90738703,30.55910972,0.000779981,0.001597071,0.001673318,74.66098147,82.25457594,34.43800551,565109.5,512881.5313,307452.9375
535,Segmentation-grayscale-7_1216-67960-L45_2,67.79313946,72.48359246,28.89145987,0.000783104,0.001763886,0.002013397,74.66098147,76.57229618,32.9354988,624586.4375,539286.75,298026.0938
529,Segmentation-grayscale-8_1216-67960-L45_2,79.00858341,63.14702142,29.35984533,0.000726639,0.001511403,0.001584952,74.66098147,80.56750621,33.73712159,544064.75,504479.1875,296740.3125
216,Segmentation-grayscale-9_1216-67960-L45_2,65.73395674,73.55969632,29.93365783,0.000783584,0.001679654,0.001781212,74.66098147,81.99268977,34.05265343,587028.8125,525251.6875,304547.5
423,Segmentation-grayscale-1_1220-67975-L45,82.15172838,86.23316876,8.715721682,0.001104849,0.002399454,0.002836204,74.66098147,85.67894888,11.78025455,705465.75,611978.375,375048.6875
517,Segmentation-grayscale-10_1220-67975-L45,85.59805854,87.56602992,5.032364759,0.00128049,0.002728704,0.003077533,74.66098147,86.60845599,7.05318692,722587.4375,655232.375,406318.4063
642,Segmentation-grayscale-2_1220-67975-L45,85.79018029,86.98938908,5.178716628,0.001322681,0.002779432,0.003133798,74.66098147,86.30506266,6.810514031,729238.75,661549.4375,408585.375
300,Segmentation-grayscale-3_1220-67975-L45,85.31400159,87.82836257,5.166788156,0.00115195,0.002623955,0.002997147,74.66098147,87.03168003,7.282975836,719178.375,642723.25,382780.875
92,Segmentation-grayscale-4_1220-67975-L45,79.71759871,86.67628164,10.81739684,0.00129767,0.002591745,0.00320457,74.66098147,86.38402812,13.90072623,750662.0625,634266.5625,399909.0938
564,Segmentation-grayscale-5_1220-67975-L45,84.88258543,89.04188689,5.206804522,0.001342937,0.002735371,0.00301006,74.66098147,88.26841068,7.321344449,714792.9375,653119.625,419068.9375
665,Segmentation-grayscale-6_1220-67975-L45,85.11367467,88.6218489,5.077865572,0.001191542,0.002580547,0.002957891,74.66098147,87.92908058,7.441389809,708622.25,636921.4375,391735.875
177,Segmentation-grayscale-7_1220-67975-L45,86.68896934,86.37458055,4.912835564,0.001571784,0.003045453,0.003376118,74.66098147,85.08778357,6.844039864,747906.0625,690025.25,449302.2188
400,Segmentation-grayscale-8_1220-67975-L45,82.42555785,86.999316,8.15366085,0.001058958,0.002343246,0.002756012,74.66098147,85.96937528,11.14452442,692727.375,605277.125,364810.7188
333,Segmentation-grayscale-9_1220-67975-L45,83.96198797,88.94302962,6.130504964,0.001280894,0.002425622,0.002519482,74.66098147,89.33951927,8.068229404,649893.875,620466.75,411144.8438
643,Segmentation-grayscale-1_1220-67975-L45_2,68.03079537,88.89646256,21.9998151,0.001243458,0.002359253,0.0027386,74.66098147,88.85428641,26.55392498,720388.1875,609528.8125,395896.9688
356,Segmentation-grayscale-10_1220-67975-L45_2,77.53834059,75.34378435,19.42295391,0.001181634,0.002592026,0.002650785,74.66098147,83.14870999,24.57848564,685561.1875,661471.0625,385469.2813
26,Segmentation-grayscale-2_1220-67975-L45_2,68.62314749,87.83573959,21.49695024,0.001282578,0.002524236,0.002776653,74.66098147,88.84389208,26.25185083,717625,639444.0625,401619.4688
534,Segmentation-grayscale-3_1220-67975-L45_2,70.05348947,86.62916871,20.25340236,0.001601717,0.003057135,0.003514005,74.66098147,87.74602935,24.89724489,802589.3125,699912.5625,449057.875
207,Segmentation-grayscale-4_1220-67975-L45_2,71.42151721,86.41029589,18.94722964,0.001229942,0.002737262,0.002987054,74.66098147,88.18825167,24.14320527,743929.1875,669144.4375,390086.0938
427,Segmentation-grayscale-5_1220-67975-L45_2,70.54522011,84.93826068,20.15437262,0.001212454,0.002573271,0.002727699,74.66098147,88.50901936,25.07142374,704492.3125,651344.6875,391213.7813
243,Segmentation-grayscale-6_1220-67975-L45_2,79.28803319,75.82491108,17.90483203,0.001162986,0.002719885,0.002993839,74.66098147,74.94661959,23.12077768,725806.875,679395.25,376898.625
611,Segmentation-grayscale-7_1220-67975-L45_2,78.81805189,75.42180718,18.52646723,0.001253305,0.002965021,0.0030591,74.66098147,83.22617253,23.41931102,732374.6875,711692.9375,390866.125
477,Segmentation-grayscale-8_1220-67975-L45_2,78.63500684,74.35676969,19.51039465,0.001154664,0.002655669,0.002891488,74.66098147,76.04160246,24.70612082,711241.9375,676460.6875,373483.3438
169,Segmentation-grayscale-9_1220-67975-L45_2,69.34888326,89.0896954,20.67301758,0.001234567,0.002490597,0.002727805,74.66098147,88.89759317,25.42520595,712015.5625,635035.1875,392454.75
567,Segmentation-grayscale-1_1221-07131-L45,82.05520936,86.63114229,8.638051541,0.001520206,0.002725192,0.003025723,74.66098147,87.61593047,10.85441999,718576.625,658872.375,453405.75
8,Segmentation-grayscale-10_1221-07131-L45,84.13748199,88.80382401,5.984145057,0.001775632,0.0029165,0.003226811,74.66098147,89.42959662,7.989424022,740559.1875,677752.6875,492047.125
211,Segmentation-grayscale-2_1221-07131-L45,85.72492144,89.75393301,4.282180641,0.001569558,0.002925476,0.003108074,74.66098147,89.81394503,6.112728493,722922.5,686183.9375,460729.3438
320,Segmentation-grayscale-3_1221-07131-L45,88.93445406,83.90070508,6.192367161,0.001503929,0.002802102,0.003197713,74.66098147,81.11457432,9.037550608,740758.75,663228.9375,447283.7813
646,Segmentation-grayscale-4_1221-07131-L45,88.7021278,83.24469794,6.879992291,0.001445723,0.002706332,0.003151427,74.66098147,80.25740218,9.814058448,735696.3125,652847.875,439619.0625
74,Segmentation-grayscale-5_1221-07131-L45,79.53912463,83.07130545,12.5907925,0.001728515,0.003020837,0.003354327,74.66098147,83.27356447,16.20779057,759658.125,702554.3125,480587.8438
153,Segmentation-grayscale-6_1221-07131-L45,87.87763217,85.92363778,4.597436301,0.0015697,0.003049761,0.003434411,74.66098147,84.41895571,6.559480455,763734.4375,693246.6875,456940.4063
377,Segmentation-grayscale-7_1221-07131-L45,87.94229389,82.9328619,7.3635504,0.001475084,0.002779565,0.003161017,74.66098147,79.63245155,10.65467746,733749.0625,666375.625,444245.3125
236,Segmentation-grayscale-8_1221-07131-L45,88.82276237,83.20133915,6.90078077,0.001448154,0.002630426,0.003196109,74.66098147,80.09743282,9.983375607,744884.3125,641796.3125,437570.0938
41,Segmentation-grayscale-9_1221-07131-L45,83.96440798,87.58749504,6.503219837,0.001875128,0.00285306,0.003311173,74.66098147,87.26668194,8.198314843,752860.625,662216.5,511474.8438
472,Segmentation-grayscale-1_1221-07131-L45_2,89.18521905,72.68774663,17.33263352,0.001756934,0.002819634,0.003357606,74.66098147,67.78798271,22.36044071,759109.875,677971.875,488589.4375
572,Segmentation-grayscale-10_1221-07131-L45_2,77.39429513,78.78953308,16.99429128,0.001478474,0.002893926,0.003045508,74.66098147,83.12660152,21.16796127,727013.875,689232.625,440839.5
29,Segmentation-grayscale-2_1221-07131-L45_2,84.86116929,63.40968955,27.16030457,0.002198215,0.003423744,0.004051847,74.66098147,58.15763054,32.32953623,834192.875,755356.1875,537513.1875
491,Segmentation-grayscale-3_1221-07131-L45_2,88.38334957,75.15996448,14.93187571,0.001816091,0.002943087,0.003615539,74.66098147,70.19369968,19.81047125,784149.8125,690723.125,495492.7813
655,Segmentation-grayscale-4_1221-07131-L45_2,89.68518687,58.16510671,31.83682322,0.002468734,0.003542307,0.004120788,74.66098147,54.27143614,35.99349718,839413.6875,761602,575958.375
307,Segmentation-grayscale-5_1221-07131-L45_2,89.2830353,67.37698163,22.63564868,0.001664808,0.00296117,0.003378007,74.66098147,62.53118238,27.48531785,768015.9375,703247.875,464713.4063
468,Segmentation-grayscale-6_1221-07131-L45_2,89.80963259,74.60466525,15.3965703,0.002091879,0.003187166,0.003930361,74.66098147,70.40679136,19.69275193,810540.5,719202.8125,535069.9375
666,Segmentation-grayscale-7_1221-07131-L45_2,75.42887197,87.39997328,14.81143944,0.001695765,0.003224132,0.003418159,74.66098147,89.19052768,18.68052334,769822.625,724495.8125,474835.0938
550,Segmentation-grayscale-8_1221-07131-L45_2,86.43244947,63.16676161,27.10766491,0.002339327,0.003452538,0.004090427,74.66098147,58.30790065,31.85129277,835859.625,755224,556617.625
60,Segmentation-grayscale-9_1221-07131-L45_2,88.3891255,58.78045762,31.27059244,0.002433014,0.003512687,0.004098871,74.66098147,55.26190227,35.14872296,839188.625,758489.6875,571792.6875
368,Segmentation-grayscale-1_1239-67599-L45,53.67873329,76.51900547,39.53411668,0.002088952,0.003124676,0.003313304,74.66098147,79.85156145,41.04692545,776171.3125,720966.125,534849.0625
459,Segmentation-grayscale-10_1239-67599-L45,79.11880086,54.87302942,37.26953175,0.002425612,0.003730694,0.004099701,74.66098147,57.56468598,40.56775635,850136.9375,797577.1875,572258.125
45,Segmentation-grayscale-2_1239-67599-L45,68.18108329,62.21461898,36.59782968,0.002282333,0.003432737,0.003830839,74.66098147,65.3260591,40.23922821,831953.625,761408.875,555481.75
501,Segmentation-grayscale-3_1239-67599-L45,76.22408476,55.99904975,37.43029285,0.002511893,0.003809636,0.004121285,74.66098147,60.97702723,40.66511263,849665.625,806935.375,583509.75
481,Segmentation-grayscale-4_1239-67599-L45,68.75829536,60.03559296,38.09955566,0.002422044,0.003569495,0.003952158,74.66098147,63.23729953,40.7098422,839295.25,774430.3125,574709.6875
232,Segmentation-grayscale-5_1239-67599-L45,71.84528424,59.08864007,36.92860595,0.002150086,0.003390516,0.003682074,74.66098147,64.09975709,40.46286716,813316,759295.5,535707.5
671,Segmentation-grayscale-6_1239-67599-L45,69.85447169,59.57019183,37.76951633,0.002260843,0.003373608,0.003768222,74.66098147,61.63540138,40.98114686,818195.9375,753340.3125,553526
582,Segmentation-grayscale-7_1239-67599-L45,76.90051647,55.61770304,37.48078205,0.002407106,0.003735967,0.004037383,74.66098147,61.44533523,40.66497637,842772.75,797713.9375,571451.0625
470,Segmentation-grayscale-8_1239-67599-L45,78.7209955,53.97758822,38.29951176,0.002621409,0.003851933,0.004148351,74.66098147,56.06832953,41.40108156,847194.375,809524.5,599961.125
527,Segmentation-grayscale-9_1239-67599-L45,86.89127681,53.30557139,36.87011349,0.002223936,0.003565619,0.004097561,74.66098147,51.74484624,40.30899273,848277.9375,778002.1875,543746.625
539,Segmentation-grayscale-1_1239-67599-L45_2,77.94009968,60.83313805,32.02254184,0.001965936,0.002852517,0.003381713,74.66098147,62.76445272,35.45868238,756209.625,703504.3125,516696.3438
590,Segmentation-grayscale-10_1239-67599-L45_2,82.60595466,60.60190295,30.49506462,0.00184295,0.002944959,0.003352982,74.66098147,63.33486688,34.50627055,749777.75,724647.5625,494176.6563
280,Segmentation-grayscale-2_1239-67599-L45_2,79.58950944,60.72228614,31.42347179,0.002336229,0.003472701,0.003907652,74.66098147,66.44098346,34.90784344,816601.25,774059.875,562815.625
421,Segmentation-grayscale-3_1239-67599-L45_2,71.04993748,62.43806849,34.42266063,0.002667227,0.003009186,0.004248729,74.66098147,62.34018759,37.76713732,877412.5625,679354.0625,617101.875
138,Segmentation-grayscale-4_1239-67599-L45_2,83.00750528,61.35820326,29.6400899,0.001546898,0.002566867,0.003158385,74.66098147,59.84728807,33.42799952,728243.8125,673763.4375,447421.2188
85,Segmentation-grayscale-5_1239-67599-L45_2,80.91117834,60.42509234,31.21316057,0.001987255,0.003087693,0.003533027,74.66098147,64.46635898,34.9280511,774120.875,737397.875,516470.5
633,Segmentation-grayscale-6_1239-67599-L45_2,75.68788998,62.12870241,31.92596967,0.002489723,0.003610458,0.003967679,74.66098147,71.89912896,35.38123817,828159.5625,783493.5625,583837.875
58,Segmentation-grayscale-7_1239-67599-L45_2,82.06063916,60.63424999,30.62815359,0.001748306,0.002790236,0.003228098,74.66098147,62.0905788,34.56079631,737108.9375,706174.6875,480283.9063
165,Segmentation-grayscale-8_1239-67599-L45_2,75.53461483,61.48294325,32.6033964,0.002505546,0.003589433,0.003868611,74.66098147,75.87393534,35.83723603,814375.1875,777919.875,585351.625
645,Segmentation-grayscale-9_1239-67599-L45_2,80.02054135,60.42115272,31.54422186,0.002099608,0.003168692,0.003657726,74.66098147,65.02612122,34.83543676,788897.25,742452.8125,532430.1875
548,Segmentation-grayscale-1_1241-67837-L45,76.23717878,85.5841398,14.4806112,0.001484991,0.002269115,0.002452044,74.66098147,86.39776569,18.8080004,645033.5,599877.9375,454170.0938
270,Segmentation-grayscale-10_1241-67837-L45,80.3813352,79.43724376,14.36139686,0.001634835,0.00299603,0.003226143,74.66098147,78.65166096,18.59684474,735853,702576.9375,466743.2813
64,Segmentation-grayscale-2_1241-67837-L45,77.74499958,82.90261155,14.21757735,0.001577447,0.00271756,0.002856769,74.66098147,84.27539215,18.39897058,696478.125,666121.875,460597.2188
260,Segmentation-grayscale-3_1241-67837-L45,77.65221744,83.32103353,14.08891181,0.001693243,0.00219644,0.002354641,74.66098147,83.03338492,17.42846056,625269.6875,581891.6875,495193.375
422,Segmentation-grayscale-4_1241-67837-L45,83.23684563,77.04642197,14.66775264,0.001156807,0.002427137,0.002620463,74.66098147,74.66915804,18.99129618,664762.4375,635200.4375,384726.3125
531,Segmentation-grayscale-5_1241-67837-L45,78.98853319,79.71472576,15.15689448,0.001514986,0.002682067,0.002857996,74.66098147,79.98315331,19.40164831,694976,661707.25,450548.9688
178,Segmentation-grayscale-6_1241-67837-L45,81.11578374,78.57080943,14.55039664,0.001507797,0.002825222,0.003005862,74.66098147,78.74987977,19.03924862,711287.5625,682263.0625,449192.375
653,Segmentation-grayscale-7_1241-67837-L45,84.63929827,76.42665786,14.63152437,0.001182626,0.002405013,0.002557353,74.66098147,73.90308471,19.199069,655033.375,631107.875,390742.2188
398,Segmentation-grayscale-8_1241-67837-L45,82.2320727,77.48740601,14.79477848,0.001383943,0.002799613,0.002979425,74.66098147,76.08963102,19.26171635,708920.875,681197.625,425624.5
596,Segmentation-grayscale-9_1241-67837-L45,87.12732178,74.92779901,15.35634667,0.000875922,0.002032299,0.00222262,74.66098147,71.11596496,19.51336623,613655.6875,581387.9375,328158.8438
68,Segmentation-grayscale-1_131-204,76.9786757,80.85119202,16.0076784,0.002040186,0.003561605,0.00389101,74.66098147,80.92049542,19.69232628,823782.75,759026.9375,525532.25
340,Segmentation-grayscale-10_131-204,75.39185461,80.72369938,17.41675508,0.002127385,0.003626405,0.003985267,74.66098147,80.47284767,21.97861014,839114.5,765090.9375,534657.5625
16,Segmentation-grayscale-2_131-204,78.84467525,79.76056571,15.23241963,0.002302112,0.003722924,0.00410235,74.66098147,79.04931431,19.47176299,844465.6875,774411.5,560052.625
261,Segmentation-grayscale-3_131-204,76.23584791,81.95758418,16.02230993,0.001993885,0.003508244,0.003811704,74.66098147,81.64778531,19.9667839,816458.25,753080.125,519660.8438
239,Segmentation-grayscale-4_131-204,75.90029673,80.97711469,16.84155213,0.002033871,0.003527014,0.003837063,74.66098147,81.23639795,20.64609481,820855.75,755534.25,524148.5313
370,Segmentation-grayscale-5_131-204,74.08000321,80.70871193,18.55920711,0.002208438,0.003689521,0.004075583,74.66098147,80.6767218,22.75214496,848975.8125,771958.5,546120.6875
298,Segmentation-grayscale-6_131-204,78.98653471,78.14677253,16.2908209,0.002274136,0.00358752,0.003980388,74.66098147,78.04025742,21.04456726,830771.5625,758853.5,555035
244,Segmentation-grayscale-7_131-204,80.11028159,81.40178074,13.16211224,0.002234309,0.003510931,0.003778596,74.66098147,80.76647944,16.43305834,800063.3125,747794.9375,558617.75
47,Segmentation-grayscale-8_131-204,76.79841668,81.29404024,15.90149018,0.002034901,0.003576147,0.003883591,74.66098147,81.02453755,20.01526231,824596.5,759973,525194.1875
588,Segmentation-grayscale-9_131-204,78.91891219,79.21756703,15.55805227,0.002313204,0.003591242,0.003990587,74.66098147,77.81906276,20.45040076,832987.5625,755622.375,563337.3125
488,Segmentation-grayscale-1_131-204_2,79.80487515,85.78491623,11.04939516,0.002261339,0.003513281,0.003729581,74.66098147,84.48817624,14.38309825,789506.375,754846.8125,558151.3125
10,Segmentation-grayscale-10_131-204_2,79.87438101,85.48679304,11.10535238,0.002162579,0.003563306,0.003680982,74.66098147,85.38245517,13.72940607,783170,764169.375,547797.625
63,Segmentation-grayscale-2_131-204_2,80.21875256,86.07544968,10.55362249,0.002151111,0.003438393,0.003646133,74.66098147,85.04358254,13.51953333,781296.375,748391.4375,546176.6875
374,Segmentation-grayscale-3_131-204_2,82.83884169,83.59965725,9.626986557,0.002287427,0.003722068,0.003916859,74.66098147,81.43464567,12.86354368,808528.75,776882.5625,563299.6875
314,Segmentation-grayscale-4_131-204_2,80.22018068,84.33931241,11.32793747,0.002301237,0.003679867,0.003842373,74.66098147,82.57595935,14.33536968,801902.0625,774891.875,564815.75
150,Segmentation-grayscale-5_131-204_2,80.19851651,88.55206594,9.90994811,0.001819335,0.002991784,0.003183437,74.66098147,89.40374803,12.65412084,731060.4375,698460.6875,502732.1563
267,Segmentation-grayscale-6_131-204_2,82.58180967,83.25018667,10.05515174,0.002448884,0.003941827,0.004139031,74.66098147,80.82842627,13.28333593,829410.875,797789.5625,579379.75
209,Segmentation-grayscale-7_131-204_2,80.2377862,87.40756468,10.10710256,0.001937919,0.003128743,0.003331102,74.66098147,87.44089267,12.99650841,746882.6875,714398.3125,518750.6875
208,Segmentation-grayscale-8_131-204_2,80.41275909,84.77168075,10.94392812,0.002372452,0.003854401,0.003994299,74.66098147,83.35489006,13.92875957,815081.4375,793004.625,570065.1875
375,Segmentation-grayscale-9_131-204_2,78.69803599,86.19577927,11.94109029,0.002196817,0.003243887,0.003504665,74.66098147,84.70446109,15.002286,761376.625,719082.5,552852.875
157,Segmentation-grayscale-1_136-724,85.60261007,88.40560535,4.678583788,0.001852006,0.002926717,0.003429513,74.66098147,89.58986925,5.922052961,762207.75,678602.5625,512175.6563
573,Segmentation-grayscale-10_136-724,87.03506337,87.87036326,3.651617964,0.001765737,0.003056341,0.003308906,74.66098147,86.30103899,5.227309755,743186.3125,699673.375,493378.0625
113,Segmentation-grayscale-2_136-724,86.84180397,87.84837539,3.822706778,0.001849856,0.003073115,0.003470512,74.66098147,86.16340492,5.533216048,763816.375,694884.375,507921.7188
516,Segmentation-grayscale-3_136-724,87.96611128,87.80450769,2.993483647,0.001790725,0.003165524,0.003397066,74.66098147,86.23489561,4.638569755,752466.0625,711766.8125,499875.0625
429,Segmentation-grayscale-4_136-724,88.61815076,88.07282432,2.371698731,0.001609766,0.002811041,0.003195682,74.66098147,86.41050025,4.205936671,732806.875,664086,471009.6563
272,Segmentation-grayscale-5_136-724,86.99776608,88.68699412,3.277278341,0.001539198,0.002632621,0.00306267,74.66098147,87.46450769,4.767523784,716969,646771.3125,462184.875
179,Segmentation-grayscale-6_136-724,87.06632823,88.62089499,3.242173619,0.001533048,0.002643334,0.003064978,74.66098147,87.46450769,4.767523784,716969,646771.3125,462184.875
285,Segmentation-grayscale-7_136-724,86.45330589,88.76880373,3.754832024,0.001791201,0.003017265,0.003380097,74.66098147,87.38162768,5.413595713,750848.875,695264.9375,498930.4688
604,Segmentation-grayscale-8_136-724,85.50884875,89.64797555,4.504982773,0.001912581,0.003047193,0.003529802,74.66098147,89.47380577,6.002144851,773580.6875,692178.875,518376.6875
25,Segmentation-grayscale-9_136-724,86.85072548,89.33699654,3.218445315,0.001502082,0.002523089,0.002988753,74.66098147,88.86313422,4.565916264,708475.1875,631054.25,457708.5938
345,Segmentation-grayscale-1_136-724_2,65.38859031,80.78730918,26.49856058,0.001791253,0.003055091,0.003163906,74.66098147,87.2626681,31.31737195,752476.0625,708740.8125,486532.125
615,Segmentation-grayscale-10_136-724_2,69.23947712,78.66866851,23.90846557,0.001114219,0.002003273,0.002351273,74.66098147,82.02922175,27.52333519,659339.8125,560439.75,375749.25
189,Segmentation-grayscale-2_136-724_2,67.03563797,78.09351636,26.1900247,0.00205742,0.003353982,0.003533699,74.66098147,85.7503528,29.95746333,790862.875,736052.25,525684.9375
644,Segmentation-grayscale-3_136-724_2,66.42123256,80.20687939,25.76433668,0.001902121,0.003256188,0.003445164,74.66098147,86.51127189,29.85359355,784657.125,728478.8125,503691.7813
78,Segmentation-grayscale-4_136-724_2,66.88180828,81.44982328,24.82421726,0.00172247,0.002907727,0.003061398,74.66098147,85.93373435,29.15635396,736767.25,686637.3125,480191.6875
148,Segmentation-grayscale-5_136-724_2,67.7253423,77.44150378,25.91161037,0.001963441,0.00338911,0.003552227,74.66098147,84.49773448,30.44397397,797570.4375,745170.4375,509417.875
233,Segmentation-grayscale-6_136-724_2,78.05205105,67.71783167,25.59477591,0.001968229,0.003218164,0.003431319,74.66098147,73.33058837,30.18681304,767523.6875,740091.5,514009.0938
101,Segmentation-grayscale-7_136-724_2,69.00664054,74.99672983,26.2316949,0.001938199,0.003342464,0.003518679,74.66098147,83.90832628,30.61731056,791609.4375,741470.875,506444.1875
612,Segmentation-grayscale-8_136-724_2,67.06416233,80.88829259,24.87544756,0.001372622,0.002413224,0.002671851,74.66098147,83.797002,28.3670619,695357.75,617080.3125,424211.1875
514,Segmentation-grayscale-9_136-724_2,68.00758113,76.66741676,26.09053808,0.001613825,0.002923107,0.0030476,74.66098147,85.63650634,30.27364269,738739.5625,695863.1875,459887.0313
663,Segmentation-grayscale-1_137-741,89.97220834,88.31924039,1.680989475,0.001404038,0.001643084,0.001666647,74.66098147,88.80164388,1.737312043,508004.25,505506.3125,455896.1875
161,Segmentation-grayscale-10_137-741,89.40947478,88.63286884,1.489261587,0.001260078,0.001500521,0.001510235,74.66098147,88.65814644,2.60781979,482133.625,480096.125,431716.5
618,Segmentation-grayscale-3_137-741,88.81690023,88.34657816,2.03329939,0.001346901,0.001531407,0.001637879,74.66098147,86.91113981,3.48851953,509298.9063,480241.875,443759.9688
619,Segmentation-grayscale-4_137-741,88.68178061,89.71671029,1.348326313,0.001460956,0.001694805,0.001735358,74.66098147,87.78883078,2.656454696,521639.9688,511263.7813,465094.4688
258,Segmentation-grayscale-5_137-741,87.99976097,89.08171681,2.201110109,0.001543801,0.001854877,0.001955935,74.66098147,89.37535745,4.009610804,561320.8125,536337.1875,472091.9375
134,Segmentation-grayscale-6_137-741,89.46621225,88.27296218,1.807695154,0.001419448,0.001674492,0.001689076,74.66098147,88.60928165,1.857304968,511987.5313,509451.8125,459810.9375
609,Segmentation-grayscale-7_137-741,89.96900848,89.75861211,0.243369274,0.001294595,0.001525406,0.001537557,74.66098147,88.36619115,2.615988342,486798.9688,485799.1875,436296.0938
265,Segmentation-grayscale-8_137-741,88.69042067,89.27791266,1.495523258,0.001265537,0.001493629,0.001513989,74.66098147,88.86831534,2.645970686,484728.75,479277.6875,432731.3125
439,Segmentation-grayscale-9_137-741,89.21723853,87.75063852,2.381800261,0.001053865,0.001273804,0.001310024,74.66098147,85.16206465,5.18840659,449441.7188,439639.6875,394094.8438
264,Segmentation-grayscale-1_137-741_2,83.34111752,70.11730209,21.05847477,0.001487097,0.001664578,0.00172484,74.66098147,72.70888124,22.32397531,523913.75,506399.2813,469474.2188
18,Segmentation-grayscale-10_137-741_2,84.89207084,69.62186982,21.06433766,0.001460197,0.001613002,0.00168359,74.66098147,72.78295313,20.49287661,517971.8125,500219.0938,463771.3438
50,Segmentation-grayscale-2_137-741_2,81.09307517,80.58321285,13.0181765,0.001326452,0.001477983,0.001656362,74.66098147,79.56456747,14.24244174,521034.2188,477402.6563,439575.875
197,Segmentation-grayscale-3_137-741_2,58.23031342,82.68078945,32.79942719,0.001265113,0.001321972,0.001426919,74.66098147,81.13661192,36.31051525,477905.375,448586.8438,429017.5313
490,Segmentation-grayscale-5_137-741_2,58.87445234,80.69217595,32.79451238,0.001266763,0.001303362,0.001433789,74.66098147,76.10094907,37.68639463,479111.4375,445227.8438,430592.7188
142,Segmentation-grayscale-7_137-741_2,61.02994407,89.88408208,28.97033266,0.001268349,0.001395964,0.00143836,74.66098147,88.16741012,31.73909494,478259.7188,464091.75,431243.0313
650,Segmentation-grayscale-8_137-741_2,77.85097453,66.98466956,26.36072322,0.001462375,0.001639737,0.001679722,74.66098147,73.28137918,28.08054763,516594.5,503674.7813,462296.9688
509,Segmentation-grayscale-9_137-741_2,84.42753504,70.55825051,20.28705205,0.00156067,0.001732368,0.001803681,74.66098147,72.03078899,21.43174895,538705.5625,517444.375,478864.2813
93,Segmentation-grayscale-1_138-752,55.49819292,84.19345008,35.12738654,0.001982225,0.002974252,0.003310786,74.66098147,85.61056177,37.62598277,780165.6875,684858.75,513813.3438
183,Segmentation-grayscale-10_138-752,74.24417047,62.05906899,32.78960247,0.001524594,0.002768095,0.002998363,74.66098147,68.54639091,36.86246234,736806,676044.5,436234.25
659,Segmentation-grayscale-2_138-752,67.67592383,62.39160889,36.81292197,0.001762828,0.003040269,0.003475787,74.66098147,69.03138286,39.7472093,815981,710067.5625,469933.1875
600,Segmentation-grayscale-3_138-752,65.342729,63.14024141,37.94912669,0.001620409,0.002938238,0.00349329,74.66098147,68.84594386,40.53642825,828072.4375,694479.5,441139.7813
202,Segmentation-grayscale-4_138-752,70.40677821,60.87927009,36.22810332,0.001747837,0.002938953,0.003355236,74.66098147,67.82177902,39.49749963,797301.75,700136.1875,469843.5313
194,Segmentation-grayscale-5_138-752,67.1024956,61.60969007,37.90690308,0.001600609,0.00292821,0.00343641,74.66098147,68.18553645,40.40965058,818864.8125,693944.9375,440053
277,Segmentation-grayscale-6_138-752,63.32927149,72.76175593,32.53838895,0.001727489,0.003056567,0.003252879,74.66098147,77.19333186,36.68033303,784422.25,704424.1875,463216.5313
326,Segmentation-grayscale-7_138-752,74.32333914,61.52142967,33.23462418,0.001514261,0.002739278,0.002966964,74.66098147,68.47762065,37.01696082,730716.4375,670676.25,438520.875
347,Segmentation-grayscale-8_138-752,65.02867298,69.95272745,32.94352632,0.001632724,0.002958344,0.003150857,74.66098147,76.83479244,36.78758216,770911,695640.875,450653.375
306,Segmentation-grayscale-9_138-752,59.99147175,80.60227535,31.74298243,0.001963752,0.002910544,0.00331352,74.66098147,82.95363731,35.07157492,776405.3125,677271.5625,510746.125
117,Segmentation-grayscale-1_138-752_2,62.00067862,78.50601414,30.66384926,0.002353127,0.003456407,0.003472621,74.66098147,88.10020789,34.19108243,774596.6875,744866.5,574946.5625
497,Segmentation-grayscale-10_138-752_2,84.12671441,60.78304412,29.91592737,0.002110391,0.003179828,0.003294544,74.66098147,72.41586205,33.22699995,740431.3125,725933.1875,543057.5
396,Segmentation-grayscale-2_138-752_2,60.34174829,79.40031043,31.86432225,0.002211023,0.002998367,0.003159385,74.66098147,85.5227214,33.70649923,739075.0625,686824,562755.25
410,Segmentation-grayscale-3_138-752_2,60.72307404,78.73861435,31.77475539,0.002010749,0.002556467,0.002827529,74.66098147,85.80363848,32.78081397,704220,626679.4375,538207.5625
28,Segmentation-grayscale-4_138-752_2,83.31816496,61.02676898,29.87963897,0.001915967,0.002910753,0.003084617,74.66098147,65.08086356,33.11761754,714395.5625,694720.1875,515861.5
259,Segmentation-grayscale-5_138-752_2,82.03360275,60.16281775,31.09638622,0.002174369,0.003219338,0.003248111,74.66098147,86.05380387,33.86100337,742765.3125,720272.5,554016.1875
151,Segmentation-grayscale-6_138-752_2,59.85849573,78.94641019,32.51329151,0.002172142,0.002905014,0.003072696,74.66098147,86.29737805,33.51499994,728728.75,673858,559026.5625
172,Segmentation-grayscale-7_138-752_2,60.13043293,79.7548421,31.92670806,0.001874966,0.002344378,0.002612365,74.66098147,86.80087481,32.56281641,675294.6875,598274.5625,524856.75
6,Segmentation-grayscale-8_138-752_2,60.00905921,80.11179165,31.90676527,0.001970748,0.002453706,0.002729214,74.66098147,86.24867504,32.60990496,692027.0625,613268,533900.1875
613,Segmentation-grayscale-9_138-752_2,65.04656479,74.35394874,30.04753491,0.001989972,0.002881356,0.002894143,74.66098147,87.39821706,33.1441983,702970.6875,678443.5,532585.8125
605,Segmentation-grayscale-1_143-756,81.55888053,76.20922727,16.25719845,0.002683759,0.004709069,0.00493331,74.66098147,76.82668348,20.98552428,916786.8125,880572.4375,604305.75
419,Segmentation-grayscale-10_143-756,79.93692494,74.58567113,18.54729006,0.003569206,0.004721299,0.005211663,74.66098147,72.54563602,22.47925563,935343.625,860225.3125,714880.3125
139,Segmentation-grayscale-2_143-756,80.15169614,74.57274176,18.43672466,0.003586106,0.004682086,0.005211275,74.66098147,72.07031934,22.73560003,936798.0625,855824.0625,719825.375
553,Segmentation-grayscale-3_143-756,86.37082806,74.1054042,16.32517339,0.002516472,0.00454064,0.004745245,74.66098147,74.56302362,21.14722033,892034.8125,871942.5,579208.9375
195,Segmentation-grayscale-4_143-756,78.52712913,79.0296031,15.97853484,0.002671238,0.004655786,0.004876079,74.66098147,79.134149,20.83426079,913068.625,871090.375,601123.75
614,Segmentation-grayscale-5_143-756,79.83489967,74.27165027,18.87260623,0.003649424,0.004624159,0.005206513,74.66098147,71.35107718,23.26801943,934835.375,851255,724752.625
452,Segmentation-grayscale-6_143-756,77.87262072,80.04865827,15.78505817,0.002889758,0.004640034,0.004996348,74.66098147,78.23897587,20.92863666,924238.25,865509.125,630551.125
407,Segmentation-grayscale-7_143-756,89.72973922,74.30312963,15.69931742,0.002192169,0.004292677,0.004698516,74.66098147,69.94142403,20.38209648,880737,854037.9375,538282.0625
158,Segmentation-grayscale-8_143-756,80.05722709,74.66979134,18.40729823,0.00362605,0.004571625,0.0051229,74.66098147,71.19910055,23.12546427,925815.4375,843824.9375,725804.3125
408,Segmentation-grayscale-9_143-756,79.53075766,77.94591369,16.07054695,0.002586671,0.004609624,0.004736836,74.66098147,79.04539409,20.84925392,900547.8125,869400,590404.1875
494,Segmentation-grayscale-1_143-756_2,85.47067083,79.4318402,11.51846508,0.003073365,0.003874501,0.004437545,74.66098147,75.78283308,14.88433605,850247.5,776174.6875,664117.3125
623,Segmentation-grayscale-10_143-756_2,89.96848377,74.66796027,15.3320737,0.00253394,0.003325511,0.00390571,74.66098147,72.12412547,17.87857478,797493.25,719399.875,599847.3125
246,Segmentation-grayscale-2_143-756_2,86.50863172,80.38084979,10.24452118,0.003089086,0.004204716,0.004784697,74.66098147,75.84109685,14.50431063,891632.875,815696.3125,662386.3125
362,Segmentation-grayscale-3_143-756_2,85.87808662,78.61188068,12.12998078,0.003126182,0.003940255,0.004568262,74.66098147,75.56515274,14.989998,865254.3125,784220.5625,670418.125
351,Segmentation-grayscale-4_143-756_2,88.74992659,76.70528392,13.3555122,0.002766915,0.003424907,0.004008713,74.66098147,73.75605538,16.27179201,808202.4375,724897.3125,631611.75
543,Segmentation-grayscale-5_143-756_2,89.51903358,75.66856208,14.33985286,0.002612742,0.003448938,0.004035747,74.66098147,72.37651129,17.62351924,811188.25,733468.3125,610709.875
547,Segmentation-grayscale-6_143-756_2,89.77718371,74.99342421,15.008308,0.002466701,0.003336009,0.003840272,74.66098147,72.02679773,18.00299031,788359.5,720458.8125,591437.875
59,Segmentation-grayscale-7_143-756_2,85.79602353,81.45566379,9.536485031,0.003183387,0.004100217,0.004725102,74.66098147,77.26453766,13.56299766,881738.75,805011.9375,674437.625
315,Segmentation-grayscale-8_143-756_2,88.93172487,75.54017027,14.50095971,0.002697124,0.003466213,0.004085909,74.66098147,72.82985337,17.18382907,815408,733505.375,621988.875
100,Segmentation-grayscale-9_143-756_2,89.44260371,76.13936265,13.87228963,0.002635161,0.003408688,0.004051648,74.66098147,72.7179856,17.28627303,812043.25,727912.75,616053.75
441,Segmentation-grayscale-1_144-789,66.81492152,69.60786543,31.71883649,0.002005616,0.003434753,0.003570793,74.66098147,85.1555893,35.47914018,810538.625,755238.875,513008.7188
382,Segmentation-grayscale-10_144-789,69.32747036,65.31467862,33.15124376,0.002134973,0.003521966,0.003682374,74.66098147,83.80391874,36.21788369,823044.1875,767620.6875,528786.5625
250,Segmentation-grayscale-2_144-789,58.67060652,77.78726765,34.14871012,0.002037929,0.003083428,0.003262427,74.66098147,84.98469235,36.75384963,773116.6875,706772.1875,524712.875
173,Segmentation-grayscale-3_144-789,76.57632566,62.62661671,31.00218599,0.001995091,0.003515519,0.003690861,74.66098147,84.00356046,34.86347245,815625.4375,774059.125,504661.9688
555,Segmentation-grayscale-4_144-789,57.65220262,79.73899606,34.32805031,0.002175678,0.003115395,0.00321317,74.66098147,86.85603046,36.98585335,758350.375,708672,547623.6875
23,Segmentation-grayscale-5_144-789,72.22265529,65.73305976,30.79629673,0.001974565,0.003437598,0.003600879,74.66098147,83.8804031,34.41606603,810842.625,759926.5,501905.375
84,Segmentation-grayscale-6_144-789,73.11777717,65.4321582,30.47412265,0.001742475,0.003258322,0.003434482,74.66098147,84.44111192,34.59504796,791837.9375,741485.75,465367.2813
152,Segmentation-grayscale-7_144-789,70.19747166,65.93267821,32.01694717,0.00213759,0.003628129,0.003820828,74.66098147,83.01559377,35.16939092,828824.6875,777948.25,528043.5625
341,Segmentation-grayscale-8_144-789,64.61974606,71.32491942,32.34530758,0.002134498,0.00340325,0.003552861,74.66098147,84.00158683,35.7238809,803864.9375,748044.1875,533246.625
283,Segmentation-grayscale-9_144-789,60.27513876,77.06032024,32.96007741,0.002110063,0.003391014,0.003598011,74.66098147,84.11664762,35.8973358,812702.625,744547.75,531454.125
330,Segmentation-grayscale-1_144-789_2,86.37748742,84.06581706,6.959282866,0.002750987,0.003883804,0.003957849,74.66098147,82.57275042,9.016350336,800940.875,787949.8125,632291
72,Segmentation-grayscale-10_144-789_2,87.98943969,85.88215953,4.583985674,0.00224318,0.003339883,0.003390174,74.66098147,83.8804001,7.323622004,744267.875,734284,570735.125
346,Segmentation-grayscale-2_144-789_2,85.12107733,84.60308527,7.285083657,0.002648145,0.00390894,0.004003727,74.66098147,84.57994302,10.28323213,807960.25,794791.0625,619396.6875
13,Segmentation-grayscale-3_144-789_2,82.89605238,87.64779258,7.487062866,0.002515499,0.003817515,0.003864075,74.66098147,88.61021918,10.38098928,795729.5,786568.5,603482.25
90,Segmentation-grayscale-4_144-789_2,83.06348648,89.27866003,6.974286412,0.002353898,0.003573134,0.0036521,74.66098147,86.43377338,9.94271336,774271.75,759046.8125,581108.9375
637,Segmentation-grayscale-5_144-789_2,86.58586706,84.11911573,6.806137887,0.002439104,0.003235923,0.003392745,74.66098147,83.74782649,7.374615524,740113.5,716549.3125,596093.9375
192,Segmentation-grayscale-6_144-789_2,86.57068629,85.13758795,5.954829457,0.002471051,0.003480166,0.003646961,74.66098147,84.21799453,7.394437612,773767.9375,747430.75,599001.5625
541,Segmentation-grayscale-7_144-789_2,87.03306645,83.57878982,7.078761959,0.002566042,0.003861689,0.003888603,74.66098147,87.23996933,9.667272395,797408.375,793744.0625,608460.5625
544,Segmentation-grayscale-8_144-789_2,83.46596778,87.0990335,7.154207277,0.002480719,0.003694244,0.003749885,74.66098147,87.41373157,10.69693057,783408.75,772330.375,598257.875
302,Segmentation-grayscale-9_144-789_2,84.53910727,83.33791969,8.629966451,0.002649594,0.003641977,0.003760113,74.66098147,81.82880672,10.83552512,778197.5,761214.0625,620080.9375
52,Segmentation-grayscale-1_153-212,81.08583244,60.74607132,30.8411649,0.001051812,0.001817904,0.002097513,74.66098147,63.48202353,34.86683588,611640.25,557983.625,367697.4063
464,Segmentation-grayscale-2_153-212,84.37409359,61.09019964,29.55585498,0.001077511,0.00180283,0.002035043,74.66098147,62.76943429,34.5432257,595324.1875,558626.3125,374149.2188
147,Segmentation-grayscale-3_153-212,86.24275282,59.84675798,30.43567713,0.001110311,0.001823363,0.002013156,74.66098147,64.03472897,34.63782082,590908.25,561658.375,380311.9375
656,Segmentation-grayscale-4_153-212,84.68864623,59.92987288,30.63309773,0.001232009,0.00189514,0.002052412,74.66098147,65.68525954,34.60178407,592902.75,564625.375,406420.625
162,Segmentation-grayscale-5_153-212,85.43792177,59.86361122,30.55209518,0.001066169,0.001786295,0.002009042,74.66098147,62.1005683,34.86308411,592552.1875,557730.4375,370749.875
257,Segmentation-grayscale-6_153-212,74.81891923,64.01129471,30.69582592,0.001123764,0.001802511,0.001977201,74.66098147,69.4972419,34.53013598,594499.125,549053.75,384815.0938
583,Segmentation-grayscale-7_153-212,81.05798411,60.02321754,31.55170192,0.001259347,0.001922224,0.002029276,74.66098147,72.12091568,35.3868517,592155.875,567707.9375,413204.5
598,Segmentation-grayscale-8_153-212,74.74611692,64.43382429,30.35980694,0.001156449,0.001849605,0.00202757,74.66098147,69.36849973,34.55280078,601764.125,554580.9375,391028.9375
360,Segmentation-grayscale-9_153-212,66.27389896,75.37270567,28.36236884,0.001352074,0.002024807,0.002450254,74.66098147,75.98969829,32.3141877,667979.1875,560261.4375,422550.375
344,Segmentation-grayscale-1_153-212_2,86.22664538,89.5994491,3.794616057,0.001221112,0.001794449,0.001936091,74.66098147,89.84927951,4.726918926,565005.1875,536466,418318.5625
433,Segmentation-grayscale-10_153-212_2,85.61838495,85.85505597,6.037089,0.001719239,0.002332217,0.002673069,74.66098147,84.44970418,7.243050454,669332.9375,598358,497094.3125
528,Segmentation-grayscale-2_153-212_2,87.2303142,88.0411663,3.393254512,0.001189298,0.001662053,0.00196648,74.66098147,88.21612595,4.099878791,576897.375,507902.2813,411925.0938
493,Segmentation-grayscale-3_153-212_2,85.29887348,88.72673909,4.871250817,0.001439627,0.002026062,0.002275434,74.66098147,87.93982141,6.041080154,619083.9375,561957.125,453507.1875
447,Segmentation-grayscale-4_153-212_2,86.81575414,89.15972773,3.293468576,0.001252658,0.001807174,0.001987784,74.66098147,87.97844639,4.56179601,575135.4375,536976.875,423923.9688
415,Segmentation-grayscale-5_153-212_2,86.54990067,89.29748097,3.521067116,0.001362723,0.001844698,0.002006917,74.66098147,87.93693229,3.923660331,578715.375,541820.625,443032.5
669,Segmentation-grayscale-6_153-212_2,85.6406317,89.52254193,4.385537618,0.001389049,0.001916118,0.002247014,74.66098147,89.63911072,5.106645871,617696.4375,542956.125,447712.7188
200,Segmentation-grayscale-7_153-212_2,84.86518219,85.04993506,7.141544256,0.001717391,0.002350833,0.002574869,74.66098147,84.62254792,7.63894925,652271.375,604466.0625,497745.0625
31,Segmentation-grayscale-8_153-212_2,86.58068105,86.72309178,4.738717885,0.001853319,0.002497601,0.003013574,74.66098147,85.15843827,6.523868415,710466.375,614089.5625,513238.5625
355,Segmentation-grayscale-9_153-212_2,85.54260464,83.8832571,7.578596143,0.002219109,0.002864901,0.003128299,74.66098147,83.02064674,9.250812253,716366.1875,664914.9375,559703.875
349,Segmentation-grayscale-1_53-1159,86.34070819,80.33998941,10.34233457,0.002142286,0.003389953,0.00363477,74.66098147,77.38019651,14.35605828,774244.1875,750593.9375,549437.8125
274,Segmentation-grayscale-10_53-1159,89.24567016,78.15541193,11.86928062,0.002280875,0.003275717,0.003375406,74.66098147,77.3108417,15.10930328,741554.375,734024.25,568008.625
198,Segmentation-grayscale-2_53-1159,85.95271951,81.38285158,9.533413018,0.002042166,0.003551092,0.00357656,74.66098147,86.59256256,12.50519031,771605,765637.875,534709.875
673,Segmentation-grayscale-3_53-1159,85.74913068,81.24684467,9.745389372,0.002182357,0.003543348,0.003780844,74.66098147,79.55965704,13.52593071,793273,762092.8125,555625.25
61,Segmentation-grayscale-4_53-1159,88.68952193,79.44325202,10.63963263,0.002174192,0.003520459,0.003610143,74.66098147,76.19461989,14.07563392,769450.625,767507.4375,554480.9375
500,Segmentation-grayscale-5_53-1159,84.072472,82.6955043,9.427449902,0.001986824,0.003457149,0.003548956,74.66098147,83.47318068,12.47635743,768940.4375,755171.125,526846.9375
384,Segmentation-grayscale-6_53-1159,85.09215575,82.40448335,9.058936648,0.0019926,0.003480788,0.003566771,74.66098147,83.58146954,12.45124537,770245.125,756515.375,527681.5
460,Segmentation-grayscale-7_53-1159,85.86722065,80.59436396,10.28870156,0.002198454,0.003406075,0.003746533,74.66098147,77.9021014,14.24384323,786319.9375,749417.125,558805.6875
276,Segmentation-grayscale-8_53-1159,84.50342909,82.30274465,9.477775785,0.001999393,0.003451294,0.003485106,74.66098147,86.35908871,12.50626239,760792,754527.5,528158.25
520,Segmentation-grayscale-9_53-1159,88.25034934,79.49108254,10.65684779,0.002198551,0.003552127,0.003602455,74.66098147,81.48675714,13.68390489,770021.5,768838.25,554376.25
632,Segmentation-grayscale-1_56-64196,87.15856539,75.8596915,14.43467644,0.002696274,0.004617326,0.005338179,74.66098147,71.83167604,18.57303521,954167.5,863928.25,606882.5
627,Segmentation-grayscale-10_56-64196,87.99727591,76.21299015,13.93742278,0.002835297,0.004665176,0.005321879,74.66098147,71.62736201,18.61118912,954738.375,866038.625,623726.3125
249,Segmentation-grayscale-2_56-64196,87.79275011,76.84262331,13.34781744,0.002936519,0.004781011,0.005242581,74.66098147,72.27812546,18.12958798,939453,878472.1875,639391.875
338,Segmentation-grayscale-3_56-64196,88.70792039,76.11470208,13.9476947,0.003054114,0.004778698,0.005172938,74.66098147,71.54291161,18.55879114,929206.9375,880566.75,654939.0625
337,Segmentation-grayscale-4_56-64196,85.75409858,76.04202838,14.6146554,0.003104245,0.004951931,0.005280487,74.66098147,72.6822691,19.00198637,939846.9375,898529.3125,656926.5
413,Segmentation-grayscale-5_56-64196,87.88546567,75.99434057,14.1708533,0.00320048,0.004819576,0.005123319,74.66098147,71.27104984,18.79490387,921959.5625,885381.4375,668795.25
220,Segmentation-grayscale-6_56-64196,89.85127151,76.37573904,13.62510417,0.002833838,0.004677526,0.005324078,74.66098147,71.62512078,18.39012815,952292.375,866904.5625,625202.8125
316,Segmentation-grayscale-7_56-64196,88.62387592,75.91845635,14.15139828,0.003154981,0.004827493,0.005173031,74.66098147,71.16776761,18.9725229,928012.0625,885765.5,665237.9375
594,Segmentation-grayscale-8_56-64196,88.01339181,76.35945543,13.79000814,0.00301401,0.004776407,0.005305765,74.66098147,71.4092052,18.93062931,948557.375,877570.25,647595.375
450,Segmentation-grayscale-9_56-64196,88.01115575,73.83775941,16.29084241,0.003522337,0.004756957,0.005054113,74.66098147,69.99161181,20.39969092,907480.5,872484.875,711144.625
524,Segmentation-grayscale-1_56-64196_2,81.0856432,88.94293827,8.977826956,0.003229656,0.004970519,0.005061541,74.66098147,88.56186867,12.08634896,911724.5625,896665.9375,678890.5
180,Segmentation-grayscale-2_56-64196_2,84.97190658,83.97184017,7.861848039,0.003322312,0.005052616,0.00519807,74.66098147,80.97114949,11.26660906,922991.3125,902609.8125,687144.625
292,Segmentation-grayscale-3_56-64196_2,85.6154124,83.49142964,7.858304029,0.003426245,0.005095356,0.005335757,74.66098147,80.26125445,11.22665039,937188.1875,905214.5625,699223.4375
9,Segmentation-grayscale-4_56-64196_2,83.59340953,82.90837581,9.579156957,0.003939444,0.00541347,0.005774956,74.66098147,79.49221121,13.22705035,978293.9375,928060.0625,752721.25
42,Segmentation-grayscale-5_56-64196_2,85.71862835,82.53221211,8.620197508,0.003553229,0.005239412,0.005468607,74.66098147,80.2885872,11.32233822,948450.6875,917368.625,712076.4375
38,Segmentation-grayscale-7_56-64196_2,82.71783575,82.83725702,10.24185793,0.00396419,0.005394442,0.005720954,74.66098147,79.37406364,13.67772484,973422.375,921848.8125,757387.0625
225,Segmentation-grayscale-9_56-64196_2,82.29430639,87.7126979,8.041960889,0.003154766,0.00463708,0.004900426,74.66098147,87.01664725,10.67457087,897269.625,860426.75,672610.125
466,Segmentation-grayscale-1_60-64049,76.23295174,46.67508499,46.57143496,0.002118195,0.003568281,0.003740427,74.66098147,80.53775767,45.80625678,828165.5625,774768.625,509147.0625
519,Segmentation-grayscale-10_60-64049,77.69960066,48.01792764,44.58799725,0.001961729,0.003468166,0.00376168,74.66098147,73.30218567,44.70632741,818676,768524.3125,487227.7188
106,Segmentation-grayscale-2_60-64049,72.90587761,48.16439928,46.79367674,0.001704752,0.003294665,0.003568217,74.66098147,77.65469334,45.98651796,820753.75,750787.3125,445633.1875
559,Segmentation-grayscale-3_60-64049,71.66769805,51.79367151,43.93771951,0.002221291,0.003526065,0.003748324,74.66098147,74.4940148,44.24344353,814856.8125,764469.3125,528610.625
392,Segmentation-grayscale-4_60-64049,78.39063717,45.36810688,46.953709,0.002100614,0.003570719,0.00377342,74.66098147,80.59756978,46.02432866,829602.125,779954.125,505648.75
201,Segmentation-grayscale-5_60-64049,71.18050499,51.81504494,44.21131629,0.001982422,0.003480414,0.003825347,74.66098147,72.26160395,44.53037034,830284.25,763115.875,491050.875
426,Segmentation-grayscale-6_60-64049,72.9632495,48.05695069,46.86845472,0.001768628,0.003378649,0.003635975,74.66098147,77.72068735,46.03766703,827946.5,759791.875,455775.9063
387,Segmentation-grayscale-7_60-64049,42.88169616,88.45397255,47.16012717,0.002377001,0.003763187,0.003920742,74.66098147,89.43272522,46.07961758,856179.375,780193.25,551557.875
502,Segmentation-grayscale-8_60-64049,77.39800213,47.21417222,45.51541422,0.001978402,0.003451147,0.003737608,74.66098147,73.43177931,45.0858855,818321.3125,770563.5,491338.6875
414,Segmentation-grayscale-9_60-64049,44.30641054,82.41128965,46.69375405,0.002516963,0.003848085,0.003941395,74.66098147,89.66708604,45.75247088,857133.625,786926.5,568260.375
436,Segmentation-grayscale-1_750-68983-L23,83.61672416,88.84126817,6.488454884,0.002690564,0.004499978,0.004910265,74.66098147,88.81503768,8.72888447,906870.6875,852549.3125,611583.5
226,Segmentation-grayscale-10_750-68983-L23,83.64054141,89.04211943,6.43178269,0.002699633,0.004518835,0.004834777,74.66098147,89.64051011,8.80555696,897844.8125,851498.375,614527.3125
568,Segmentation-grayscale-2_750-68983-L23,83.73768893,87.98536763,6.580866745,0.002589287,0.004250825,0.004782008,74.66098147,87.7600077,9.145593132,891537.375,824950.5625,602494.3125
489,Segmentation-grayscale-3_750-68983-L23,83.54398207,89.63002724,6.466700282,0.002672926,0.004458465,0.004914869,74.66098147,89.91311827,8.878320589,908218.0625,845196.9375,608019.75
126,Segmentation-grayscale-4_750-68983-L23,83.33292793,88.66138676,6.801324729,0.002760621,0.004607955,0.004921128,74.66098147,88.75489053,9.069800488,903237.5,864903.75,618401.5
624,Segmentation-grayscale-5_750-68983-L23,83.15549565,88.00226116,7.132772596,0.002766477,0.004469463,0.005050281,74.66098147,88.02049488,9.700446166,922963.1875,845337.1875,620917.1875
428,Segmentation-grayscale-6_750-68983-L23,82.98523999,89.20986043,7.059565247,0.002722921,0.004463616,0.005004087,74.66098147,89.46941836,8.927133693,917022.4375,846205.75,612945.8125
188,Segmentation-grayscale-7_750-68983-L23,83.34938745,89.71730045,6.656672458,0.002644828,0.004373075,0.004923605,74.66098147,89.98304425,8.958791181,910160,837375.375,606186.625
219,Segmentation-grayscale-8_750-68983-L23,83.32093298,89.47789169,6.69962822,0.002737789,0.004513542,0.004879973,74.66098147,88.26710584,9.040485154,897466.25,847420.6875,622212.875
222,Segmentation-grayscale-9_750-68983-L23,82.84976669,89.05164457,7.213502756,0.002873493,0.004394233,0.005053095,74.66098147,89.41372054,9.797474835,920980,838828.9375,634023.375
496,Segmentation-grayscale-1_750-68983-L23_2,82.81083443,87.04612721,7.778292856,0.002685908,0.004643114,0.004831106,74.66098147,87.18389604,10.28797575,893658.5,863563.25,604383
401,Segmentation-grayscale-10_750-68983-L23_2,81.49996751,87.62420188,8.83055568,0.002726899,0.004642811,0.004764635,74.66098147,88.88199934,11.27122278,889390.8125,862378.9375,610929.75
252,Segmentation-grayscale-2_750-68983-L23_2,82.59748395,86.24375238,8.310547841,0.002396154,0.004193258,0.004404289,74.66098147,87.48725023,10.78924866,854498.6875,821743.6875,574281.375
551,Segmentation-grayscale-3_750-68983-L23_2,81.94408778,86.60827639,8.74955935,0.002882566,0.004748312,0.004889345,74.66098147,87.52886211,11.18169129,894451.8125,872871.8125,627947.9375
581,Segmentation-grayscale-4_750-68983-L23_2,82.28361839,85.67269075,8.859860443,0.003168927,0.004757631,0.004854512,74.66098147,86.94349593,11.02851592,882313.125,866825.5,666499.125
170,Segmentation-grayscale-5_750-68983-L23_2,81.37755787,88.49273883,8.755171184,0.002791221,0.004663901,0.00483788,74.66098147,88.7073969,11.59358768,895063.5625,863860.625,618756.0625
160,Segmentation-grayscale-6_750-68983-L23_2,82.17572002,85.79194432,8.896613873,0.002963479,0.004735862,0.004838151,74.66098147,87.04786381,10.84177255,884233.8125,870899,636670.125
51,Segmentation-grayscale-7_750-68983-L23_2,79.91999447,86.6822506,10.6228431,0.002819003,0.004580514,0.004685971,74.66098147,87.23272646,13.45566363,879757.125,853912.125,621340
322,Segmentation-grayscale-8_750-68983-L23_2,83.16973632,87.20571609,7.384786796,0.002894454,0.004789065,0.004845636,74.66098147,87.88740338,9.8617085,892703,876987,635017.75
5,Segmentation-grayscale-9_750-68983-L23_2,81.97882843,88.45865927,8.169838618,0.002939331,0.004826148,0.004940864,74.66098147,88.49385468,10.85996793,903477.4375,877596.8125,638981.8125
115,Segmentation-grayscale-1_751-68983-L45,77.62659375,74.8131284,19.78207445,0.002265288,0.003818314,0.004345457,74.66098147,74.30679726,24.45709867,866958.125,778961.125,554758.25
103,Segmentation-grayscale-10_751-68983-L45,75.08349252,68.36270508,26.72386861,0.002612734,0.004307122,0.004770913,74.66098147,73.70351716,30.68330173,908806.1875,837407.75,592577.625
425,Segmentation-grayscale-2_751-68983-L45,79.24981752,72.14401284,21.03286154,0.002582125,0.004195422,0.004780864,74.66098147,71.56966262,26.16992207,909078.375,828489.25,592808.9375
380,Segmentation-grayscale-3_751-68983-L45,84.72113712,71.73902943,19.06091722,0.00264573,0.003841021,0.004856754,74.66098147,68.77319737,23.56104979,903610.5,789713.5,610700
4,Segmentation-grayscale-4_751-68983-L45,79.57236116,72.50840048,20.53956282,0.00255416,0.004180051,0.004791595,74.66098147,72.3041613,25.62181429,908430.75,824901.875,589005.4375
664,Segmentation-grayscale-5_751-68983-L45,82.88870792,67.85959807,23.3713703,0.002680749,0.003980986,0.00508133,74.66098147,65.6748632,27.43866356,925005.9375,814419.625,613260.6875
287,Segmentation-grayscale-6_751-68983-L45,83.7343427,68.06007335,22.90769736,0.00279877,0.003950489,0.005213394,74.66098147,64.35893202,27.7473356,932950.375,809029.8125,627612.375
610,Segmentation-grayscale-7_751-68983-L45,78.03671568,74.13576649,20.06358285,0.002456048,0.004045597,0.004592401,74.66098147,73.65392314,24.82881311,891050.9375,804212.9375,576534.125
185,Segmentation-grayscale-8_751-68983-L45,81.03610512,72.15226104,20.10981713,0.002684592,0.004171948,0.004790508,74.66098147,70.68450999,25.34996448,907490.0625,826994.375,606143.3125
7,Segmentation-grayscale-9_751-68983-L45,76.12476196,72.83452623,22.35089247,0.002632177,0.003988521,0.004398,74.66098147,73.23791854,26.97013604,871921.3125,803364,599673.625
552,Segmentation-grayscale-1_751-68983-L45_2,78.64144319,62.19111623,30.42381305,0.002741494,0.004650517,0.005042652,74.66098147,66.8274087,34.74269177,945101.375,891725.875,600653
649,Segmentation-grayscale-10_751-68983-L45_2,83.60782542,60.21437988,30.60252364,0.002684341,0.004650194,0.004920083,74.66098147,70.16943791,34.69435552,930243.25,897700.75,593182.25
137,Segmentation-grayscale-2_751-68983-L45_2,82.64724707,61.11764555,29.97879972,0.002655523,0.004651388,0.004900353,74.66098147,69.99935972,34.26230251,928354.75,895865.5625,589590.4375
570,Segmentation-grayscale-3_751-68983-L45_2,74.56493292,66.3991113,28.73466411,0.002552758,0.0046936,0.004877044,74.66098147,75.20445029,33.14541004,936160.4375,888661.4375,572785.375
323,Segmentation-grayscale-4_751-68983-L45_2,68.0701687,66.31804761,33.26157003,0.00294788,0.004727698,0.004949657,74.66098147,75.8303595,36.29073385,939270.6875,884117,631894.3125
557,Segmentation-grayscale-5_751-68983-L45_2,85.6946293,57.96081024,32.39714277,0.002801555,0.00456617,0.004834893,74.66098147,70.43073809,36.27975345,918698.125,889973.875,607528.25
319,Segmentation-grayscale-6_751-68983-L45_2,79.80807836,63.16532646,29.00320092,0.002192955,0.004017455,0.004315295,74.66098147,68.58413374,33.43196064,872957,828835.5,530311
343,Segmentation-grayscale-7_751-68983-L45_2,87.43178892,58.0921521,32.03590283,0.00274671,0.004557198,0.004805394,74.66098147,69.78696896,36.18839008,916404,888591.0625,603019.1875
678,Segmentation-grayscale-8_751-68983-L45_2,83.9780017,57.93969229,32.75716153,0.002705169,0.004359614,0.004773915,74.66098147,60.47360094,36.82601859,910435.3125,865796.125,601007.8125
589,Segmentation-grayscale-9_751-68983-L45_2,81.33007762,62.25656588,29.29532636,0.00254195,0.004587798,0.004805525,74.66098147,71.13985546,33.7742563,922977.375,888020,576227.5625
213,Segmentation-grayscale-1_752-67011-L23,52.72801724,64.19868231,48.22653635,0.001878025,0.003175539,0.003315775,74.66098147,89.31980497,47.77317998,785469.9375,730527.125,494959.9375
630,Segmentation-grayscale-10_752-67011-L23,45.64626906,74.21714571,48.60199955,0.002114015,0.002947235,0.003239898,74.66098147,84.14387549,47.48510549,767906.25,692444.5625,546707.1875
416,Segmentation-grayscale-2_752-67011-L23,57.88024764,57.82529858,48.8072659,0.001763404,0.003103546,0.003205177,74.66098147,85.87255155,48.29463765,768073.125,720333.3125,480913.5938
53,Segmentation-grayscale-3_752-67011-L23,45.94507573,79.49077778,45.96136303,0.002254757,0.003069529,0.003480789,74.66098147,83.17405271,45.18690906,804817.75,700339.25,562647
237,Segmentation-grayscale-4_752-67011-L23,53.29921609,61.59700949,49.80270898,0.00178674,0.003221517,0.00337352,74.66098147,88.98199287,48.89110999,794416.9375,737898,476212.7813
104,Segmentation-grayscale-5_752-67011-L23,85.9749434,40.64321091,49.64260604,0.001447073,0.002875487,0.002994057,74.66098147,67.30620241,49.45335754,746198.875,706839.5625,420488.0625
361,Segmentation-grayscale-6_752-67011-L23,71.25905366,46.10821505,49.82938302,0.001578631,0.003133551,0.003249356,74.66098147,82.88437298,49.02917573,777725.625,737073.25,438903.9063
329,Segmentation-grayscale-7_752-67011-L23,45.62380255,77.69909928,46.97838781,0.002173224,0.002859881,0.003221301,74.66098147,81.20231854,45.95642307,766997.8125,673493.0625,559198.625
20,Segmentation-grayscale-9_752-67011-L23,48.77687928,70.16583497,47.83478087,0.001948594,0.00324916,0.003394178,74.66098147,89.05449733,47.55829405,795982.1875,736662.5625,505601.75
657,Segmentation-grayscale-1_752-67011-L23_2,74.58712642,70.31311725,25.41018192,0.001696954,0.003238204,0.003633948,74.66098147,72.59350412,30.04837879,813865.3125,734787.4375,463200.75
575,Segmentation-grayscale-10_752-67011-L23_2,72.5710612,70.34658869,26.76730635,0.001595127,0.002910048,0.003300658,74.66098147,71.96515411,31.02005947,773593.625,693662.6875,451425.1875
175,Segmentation-grayscale-2_752-67011-L23_2,70.21437804,73.8907578,25.95661057,0.001520919,0.003132007,0.003431798,74.66098147,77.15337803,30.5863038,796427.125,721645.5625,428832.3125
303,Segmentation-grayscale-3_752-67011-L23_2,70.796618,75.27464743,24.56294667,0.001568041,0.00333109,0.003628222,74.66098147,78.98677503,29.53223654,820763.6875,748767.875,434437.9688
363,Segmentation-grayscale-4_752-67011-L23_2,67.17808846,80.9060565,24.76104886,0.00154031,0.003361541,0.003673577,74.66098147,83.47036464,29.4865116,832679.375,746598.4375,427920.2188
556,Segmentation-grayscale-5_752-67011-L23_2,71.53321328,72.7809318,25.69302109,0.002068341,0.003358145,0.003760898,74.66098147,74.21914526,30.42305345,818930.4375,739201.75,524634.5625
310,Segmentation-grayscale-6_752-67011-L23_2,67.60918511,71.61240568,29.64185663,0.00242033,0.003355101,0.003669933,74.66098147,75.99593882,32.8390438,795903.5,733173.4375,584398.8125
442,Segmentation-grayscale-7_752-67011-L23_2,72.54240054,73.02093502,24.7500747,0.002021118,0.003421014,0.003842791,74.66098147,74.20500081,29.72083401,828058.6875,744797.625,519555.7188
114,Segmentation-grayscale-8_752-67011-L23_2,66.24021764,82.0412901,25.21589486,0.001388767,0.003197175,0.003490516,74.66098147,84.76834847,29.89127768,818514.25,726264.75,402896.2188
515,Segmentation-grayscale-9_752-67011-L23_2,72.36244991,73.79698661,24.32487858,0.001863984,0.003502805,0.003855747,74.66098147,75.84492973,29.20697398,834781.75,760948.4375,486223.8438
506,Segmentation-grayscale-1_754-68364-L23,88.22797342,89.70792806,1.79595063,0.001396036,0.001815208,0.002064463,74.66098147,89.92345316,0.824482328,577921.5625,524545.3125,447601.8438
39,Segmentation-grayscale-10_754-68364-L23,88.13156959,89.86368857,1.873399663,0.001566225,0.002582032,0.002871128,74.66098147,89.66948534,2.669684978,687088.8125,640782.625,462742.0625
24,Segmentation-grayscale-2_754-68364-L23,87.87627373,89.10691641,2.304027467,0.001535877,0.002113512,0.002351601,74.66098147,89.45681461,1.750106539,616579.875,570081.5625,470410.8438
390,Segmentation-grayscale-4_754-68364-L23,89.48200237,84.89333126,5.133012107,0.001090503,0.001227814,0.001435267,74.66098147,84.37282387,5.80032277,484385.375,426882.3125,395647.2813
254,Segmentation-grayscale-5_754-68364-L23,87.53653525,84.57088118,5.96493919,0.001788206,0.002088637,0.002472161,74.66098147,80.29968719,10.19771063,645663.4375,550697.75,509628.0625
145,Segmentation-grayscale-6_754-68364-L23,88.00748776,89.14894252,2.166792147,0.001477189,0.001971775,0.002194036,74.66098147,89.37592453,1.690612597,595624.0625,549808.1875,457573.7813
569,Segmentation-grayscale-1_754-68364-L23_2,82.81080994,82.63124692,10.32286931,0.00184473,0.002262383,0.002808206,74.66098147,81.43116994,12.31883258,678400.1875,592472.3125,514998.25
652,Segmentation-grayscale-10_754-68364-L23_2,81.62941866,83.3131032,10.74374437,0.001746863,0.002547343,0.00298583,74.66098147,82.58539785,13.73993462,706029,638240.5625,489445.9375
212,Segmentation-grayscale-2_754-68364-L23_2,82.69161049,82.19967519,10.72047244,0.001635528,0.00227495,0.002692401,74.66098147,79.75107974,14.5024697,663724.5625,599878.6875,479293.0313
268,Segmentation-grayscale-3_754-68364-L23_2,82.61546909,79.73166974,12.69506964,0.001512349,0.001989629,0.002338505,74.66098147,77.65208973,15.15258302,616078.9375,557899.125,465000.6875
603,Segmentation-grayscale-4_754-68364-L23_2,82.34190258,80.81799418,11.99919516,0.001707398,0.002227521,0.002743513,74.66098147,79.04027307,14.76980672,669705.5,590918.1875,493147.3125
661,Segmentation-grayscale-5_754-68364-L23_2,82.54108377,82.09383891,10.90234555,0.001774967,0.002363276,0.002882483,74.66098147,80.13387841,14.09246065,689843.125,609784.75,499222.5625
312,Segmentation-grayscale-6_754-68364-L23_2,82.11760057,82.042127,11.23715105,0.001414828,0.00188319,0.00216218,74.66098147,79.28586701,14.73767603,592887.4375,542623.8125,450372.6875
46,Segmentation-grayscale-7_754-68364-L23_2,82.34170891,83.65600656,9.969045822,0.001739214,0.002464343,0.002962534,74.66098147,82.29704981,13.52699658,703550.9375,624892.8125,492137.2813
584,Segmentation-grayscale-8_754-68364-L23_2,81.93112598,83.84845952,10.17133004,0.001756662,0.002539689,0.002977261,74.66098147,82.53033993,13.73059992,704378.875,636774.9375,492726.9063
86,Segmentation-grayscale-1_755-68364-L45,83.03727064,73.16300662,18.30009065,0.002602599,0.003811866,0.004154907,74.66098147,70.64048508,24.33157971,840117.0625,791389.125,604379.375
417,Segmentation-grayscale-10_755-68364-L45,83.47088052,65.77282784,25.20247038,0.002632539,0.003661623,0.004253983,74.66098147,64.37804355,28.96111949,836976.5625,771601.125,610669.3125
357,Segmentation-grayscale-2_755-68364-L45,77.91918008,85.44964596,12.93369686,0.002070038,0.003298433,0.003537135,74.66098147,83.13074476,17.81495803,774324.375,737247.4375,538482.1875
546,Segmentation-grayscale-3_755-68364-L45,76.18072255,88.70203037,13.88251874,0.002377991,0.00340873,0.003702149,74.66098147,87.7421846,19.33526979,793338.3125,742482.875,584607.8125
297,Segmentation-grayscale-4_755-68364-L45,77.57644547,85.93480092,13.09203688,0.002200759,0.003408949,0.003650098,74.66098147,84.10795182,18.18663712,789628.875,747040.1875,558122.6875
15,Segmentation-grayscale-5_755-68364-L45,86.03226557,68.03821848,22.35445519,0.002560025,0.003676621,0.004083919,74.66098147,65.6962558,26.61726838,822589,783452.1875,598587.875
483,Segmentation-grayscale-6_755-68364-L45,85.57717266,72.30995589,18.27029702,0.002329998,0.003503219,0.003687572,74.66098147,76.87361585,24.05794836,784052.3125,770074.125,571769.8125
97,Segmentation-grayscale-7_755-68364-L45,74.68502759,88.22327205,15.42273475,0.002356746,0.003591976,0.003659167,74.66098147,86.61529215,21.3385038,794101.5625,766053.5625,577423.375
88,Segmentation-grayscale-8_755-68364-L45,77.73194259,83.89753776,13.74462654,0.002022741,0.003322305,0.003474232,74.66098147,82.39130391,18.73693102,767309.6875,739193.9375,529665.1875
532,Segmentation-grayscale-9_755-68364-L45,76.9200524,80.32260467,16.37433112,0.001801803,0.003087291,0.003188859,74.66098147,79.30623993,21.90323476,736828,705541.375,496580.4063
91,Segmentation-grayscale-1_755-68364-L45_2,72.14513246,84.12265788,18.85985178,0.001614523,0.002792241,0.003105296,74.66098147,85.35201902,23.80911254,740282.5625,670083.875,460303.875
662,Segmentation-grayscale-10_755-68364-L45_2,71.66914279,84.68297421,19.13963057,0.00161305,0.002737438,0.003078959,74.66098147,86.1479324,23.74130185,736770.375,661129.6875,462239.9375
167,Segmentation-grayscale-2_755-68364-L45_2,70.94571195,85.32363835,19.66315661,0.001474823,0.002688276,0.002991124,74.66098147,86.25788497,24.50417322,730419,661002.875,436565.375
480,Segmentation-grayscale-3_755-68364-L45_2,69.75552451,87.73801129,20.38155502,0.001413739,0.002614321,0.002937911,74.66098147,88.99503245,25.09272473,730091.625,645909.875,425495.5
431,Segmentation-grayscale-4_755-68364-L45_2,71.73409982,84.71021913,19.06891247,0.001525566,0.00276272,0.003058786,74.66098147,85.92538492,24.104626,737870.5,667607.625,446676.625
385,Segmentation-grayscale-5_755-68364-L45_2,70.93021031,86.55539468,19.40225958,0.00135,0.002516287,0.002774551,74.66098147,87.38691955,24.49919947,704590.3125,638020,416712.7188
475,Segmentation-grayscale-6_755-68364-L45_2,71.231003,85.08273731,19.44947583,0.001525077,0.002712793,0.003039728,74.66098147,86.69047994,24.13719294,736146.8125,658116.0625,447072.3438
324,Segmentation-grayscale-7_755-68364-L45_2,69.66675163,86.91480416,20.58663352,0.001375336,0.0025815,0.002920763,74.66098147,88.90468005,25.14941263,729430.8125,642977.6875,418932.25
367,Segmentation-grayscale-8_755-68364-L45_2,71.02943578,86.02670543,19.41360473,0.001373282,0.002504595,0.002715574,74.66098147,87.44945941,24.20465837,694936.375,636681.1875,422550.6875
668,Segmentation-grayscale-9_755-68364-L45_2,71.32896157,84.35905714,19.56551204,0.001544029,0.00273476,0.003035575,74.66098147,85.73807858,24.10823052,735056.3125,663858.25,448441.6563
412,Segmentation-grayscale-1_756-67942-L45,86.81684881,57.21004536,32.98367876,0.002132108,0.003501252,0.003642728,74.66098147,86.18272858,36.87340822,790621.3125,786901.625,531424.3125
628,Segmentation-grayscale-2_756-67942-L45,75.01768622,61.77838895,32.61120526,0.001932833,0.003456912,0.003549835,74.66098147,83.84451521,36.4320032,795878.9375,773340,496561.0625
196,Segmentation-grayscale-3_756-67942-L45,61.07386783,81.24408251,30.46889443,0.001627257,0.002956081,0.003150512,74.66098147,85.39698517,34.34922363,761018.4375,701071.6875,455864.125
617,Segmentation-grayscale-4_756-67942-L45,85.34533412,68.39887203,22.14678714,0.002050416,0.003352616,0.003485339,74.66098147,89.64885377,27.01586729,763767.75,753992.4375,524786.8125
418,Segmentation-grayscale-5_756-67942-L45,87.27546268,58.45648556,31.68851292,0.001774412,0.002611506,0.00274593,74.66098147,55.59660966,35.48314109,674259.1875,672687.6875,497727.875
80,Segmentation-grayscale-6_756-67942-L45,58.9900077,85.1024547,31.48084861,0.00149208,0.002849594,0.003059278,74.66098147,87.43709306,35.13016913,757594.3125,686759.3125,430311.625
486,Segmentation-grayscale-7_756-67942-L45,63.98710319,71.90099259,32.51045622,0.001641722,0.003057914,0.003159405,74.66098147,84.54811903,36.23490203,761819.4375,722108.3125,453146.0313
206,Segmentation-grayscale-8_756-67942-L45,85.93197847,56.83555263,33.47853344,0.002020761,0.003522798,0.003650156,74.66098147,85.68995663,36.89526886,798296.4375,787019.375,507996.9375
193,Segmentation-grayscale-9_756-67942-L45,61.08065658,80.34803973,30.78505206,0.001688998,0.002991964,0.003205489,74.66098147,85.01204126,34.40532136,766393.25,703115.9375,465050.3125
